sample_type,p_curved,p_MRW,run_id
linear_mono,0.0183095540851354,0.1205744296312332,latest_eval
boundary_mrw,0.2536618709564209,0.330133706331253,latest_eval
curved_mrw,0.8483301997184753,0.914612889289856,latest_eval
noisy_mono,0.1403750926256179,0.2432349473237991,latest_eval
noisy_mrw,0.2440060526132583,0.3084964156150818,latest_eval
heavy_tail_distorted,0.325091004371643,0.0335084460675716,latest_eval
regime_apparent,0.4326356053352356,0.1068759709596633,latest_eval
ambiguous_mild_curvature,0.4298089146614074,0.4239908456802368,latest_eval
linear_mono,0.0216771997511386,0.1252296864986419,latest_eval
boundary_mrw,0.206224113702774,0.3090347647666931,latest_eval
curved_mrw,0.940236747264862,0.9726116061210632,latest_eval
noisy_mono,0.117047868669033,0.2238034904003143,latest_eval
noisy_mrw,0.7830140590667725,0.8414814472198486,latest_eval
heavy_tail_distorted,0.3614746630191803,0.0381883606314659,latest_eval
regime_apparent,0.4388424158096313,0.126620277762413,latest_eval
ambiguous_mild_curvature,0.4404460489749908,0.4216080009937286,latest_eval
linear_mono,0.0275265555828809,0.1314453333616256,latest_eval
boundary_mrw,0.2439818680286407,0.3249228894710541,latest_eval
curved_mrw,0.942516267299652,0.9765995144844056,latest_eval
noisy_mono,0.127991572022438,0.2352300584316253,latest_eval
noisy_mrw,0.9063831567764282,0.9595611095428468,latest_eval
heavy_tail_distorted,0.3835110664367676,0.1032647415995597,latest_eval
regime_apparent,0.4366569519042969,0.1234651729464531,latest_eval
ambiguous_mild_curvature,0.4523526132106781,0.436104416847229,latest_eval
linear_mono,0.0252767838537693,0.128485769033432,latest_eval
boundary_mrw,0.2876295447349548,0.3561000823974609,latest_eval
curved_mrw,0.9618988037109376,0.9858732223510742,latest_eval
noisy_mono,0.1441821753978729,0.2371161729097366,latest_eval
noisy_mrw,0.1753029227256775,0.2599630057811737,latest_eval
heavy_tail_distorted,0.3474678099155426,0.0333450138568878,latest_eval
regime_apparent,0.434020072221756,0.1201185509562492,latest_eval
ambiguous_mild_curvature,0.4381043016910553,0.4234801530838012,latest_eval
linear_mono,0.0272877383977174,0.1311307400465011,latest_eval
boundary_mrw,0.2188405394554138,0.3152393996715545,latest_eval
curved_mrw,0.8002510070800781,0.8587357401847839,latest_eval
noisy_mono,0.2150562107563018,0.2955408692359924,latest_eval
noisy_mrw,0.8013057708740234,0.8589438796043396,latest_eval
heavy_tail_distorted,0.3531765043735504,0.0541574843227863,latest_eval
regime_apparent,0.4643820226192474,0.1531320065259933,latest_eval
ambiguous_mild_curvature,0.5681444406509399,0.5609144568443298,latest_eval
linear_mono,0.0252792444080114,0.128489002585411,latest_eval
boundary_mrw,0.1854169368743896,0.2961917519569397,latest_eval
curved_mrw,0.9727397561073304,0.9916545152664183,latest_eval
noisy_mono,0.206838771700859,0.2866409122943878,latest_eval
noisy_mrw,0.179027572274208,0.2723934948444366,latest_eval
heavy_tail_distorted,0.3476189076900482,0.0951188057661056,latest_eval
regime_apparent,0.4345585107803345,0.1156082823872566,latest_eval
ambiguous_mild_curvature,0.4883154928684234,0.4768218100070953,latest_eval
linear_mono,0.0167345162481069,0.1172777637839317,latest_eval
boundary_mrw,0.2598397433757782,0.337954431772232,latest_eval
curved_mrw,0.848956823348999,0.9131082892417908,latest_eval
noisy_mono,0.1187986433506012,0.2271799743175506,latest_eval
noisy_mrw,0.8945496678352356,0.9418656826019288,latest_eval
heavy_tail_distorted,0.3506980836391449,0.0470780469477176,latest_eval
regime_apparent,0.4411395788192749,0.1261425614356994,latest_eval
ambiguous_mild_curvature,0.4214470386505127,0.4130281209945678,latest_eval
linear_mono,0.0230252854526042,0.1269368827342987,latest_eval
boundary_mrw,0.2055011987686157,0.2915621995925903,latest_eval
curved_mrw,0.8514602184295654,0.9165793061256408,latest_eval
noisy_mono,0.1550919413566589,0.2537196278572082,latest_eval
noisy_mrw,0.2623689174652099,0.3195917904376983,latest_eval
heavy_tail_distorted,0.3496791422367096,0.0805776640772819,latest_eval
regime_apparent,0.4344344139099121,0.1067439615726471,latest_eval
ambiguous_mild_curvature,0.3977667391300201,0.3988615572452545,latest_eval
linear_mono,0.0233995486050844,0.1260730028152465,latest_eval
boundary_mrw,0.2252130508422851,0.3176655173301697,latest_eval
curved_mrw,0.9696720838546752,0.9894060492515564,latest_eval
noisy_mono,0.1271973103284835,0.2363185733556747,latest_eval
noisy_mrw,0.869939386844635,0.9221599698066713,latest_eval
heavy_tail_distorted,0.3312762081623077,0.0555302165448665,latest_eval
regime_apparent,0.4431257545948028,0.120599627494812,latest_eval
ambiguous_mild_curvature,0.3924252688884735,0.3587319850921631,latest_eval
linear_mono,0.018094340339303,0.1199147552251815,latest_eval
boundary_mrw,0.3797630071640014,0.4261475801467895,latest_eval
curved_mrw,0.9403671026229858,0.97452974319458,latest_eval
noisy_mono,0.1616900861263275,0.2601286470890045,latest_eval
noisy_mrw,0.2416100800037384,0.3068179786205292,latest_eval
heavy_tail_distorted,0.3704540729522705,0.0456812009215354,latest_eval
regime_apparent,0.4520983099937439,0.1430956125259399,latest_eval
ambiguous_mild_curvature,0.4307524561882019,0.4199815094470978,latest_eval
linear_mono,0.0201689265668392,0.1235362291336059,latest_eval
boundary_mrw,0.3298957347869873,0.3868770897388458,latest_eval
curved_mrw,0.8065820336341858,0.8709949254989624,latest_eval
noisy_mono,0.1594588756561279,0.262612372636795,latest_eval
noisy_mrw,0.3492718636989593,0.3847987353801727,latest_eval
heavy_tail_distorted,0.352705717086792,0.0361480489373207,latest_eval
regime_apparent,0.4316969811916351,0.1198947504162788,latest_eval
ambiguous_mild_curvature,0.41309654712677,0.4055604040622711,latest_eval
linear_mono,0.020860131829977,0.1232289373874664,latest_eval
boundary_mrw,0.1763222217559814,0.2896872758865356,latest_eval
curved_mrw,0.956230640411377,0.985270857810974,latest_eval
noisy_mono,0.1098500862717628,0.214645653963089,latest_eval
noisy_mrw,0.2434806078672409,0.3118480443954468,latest_eval
heavy_tail_distorted,0.3167711496353149,0.0317509919404983,latest_eval
regime_apparent,0.4252323508262634,0.1024905815720558,latest_eval
ambiguous_mild_curvature,0.4005627334117889,0.3995463252067566,latest_eval
linear_mono,0.0287966728210449,0.133115604519844,latest_eval
boundary_mrw,0.3500942289829254,0.4027019739151001,latest_eval
curved_mrw,0.9714070558547974,0.9905409216880798,latest_eval
noisy_mono,0.1350849121809005,0.2326563447713852,latest_eval
noisy_mrw,0.841345489025116,0.9021909832954408,latest_eval
heavy_tail_distorted,0.3473955690860748,0.0954815745353698,latest_eval
regime_apparent,0.441924899816513,0.1267376840114593,latest_eval
ambiguous_mild_curvature,0.4255068898200989,0.4168581664562225,latest_eval
linear_mono,0.0313463881611824,0.1364465057849884,latest_eval
boundary_mrw,0.3729566931724548,0.4349965751171112,latest_eval
curved_mrw,0.9637641310691832,0.9875870943069458,latest_eval
noisy_mono,0.2095822244882583,0.2927574813365936,latest_eval
noisy_mrw,0.8868415951728821,0.9458291530609132,latest_eval
heavy_tail_distorted,0.3356242775917053,0.063871368765831,latest_eval
regime_apparent,0.4460931122303009,0.1236875131726265,latest_eval
ambiguous_mild_curvature,0.45895516872406,0.4412991106510162,latest_eval
linear_mono,0.0180372782051563,0.1191984117031097,latest_eval
boundary_mrw,0.2344166189432144,0.3143350780010223,latest_eval
curved_mrw,0.860336184501648,0.9201479554176332,latest_eval
noisy_mono,0.1232260316610336,0.2307013720273971,latest_eval
noisy_mrw,0.7413387298583984,0.799781084060669,latest_eval
heavy_tail_distorted,0.3552106618881225,0.0345083475112915,latest_eval
regime_apparent,0.434727281332016,0.1105018481612205,latest_eval
ambiguous_mild_curvature,0.4710437059402466,0.4565649330615997,latest_eval
linear_mono,0.024143872782588,0.1270160526037216,latest_eval
boundary_mrw,0.2846238911151886,0.3539135456085205,latest_eval
curved_mrw,0.8864428400993347,0.9382659196853638,latest_eval
noisy_mono,0.1624892503023147,0.265062540769577,latest_eval
noisy_mrw,0.1408015936613083,0.2453567832708358,latest_eval
heavy_tail_distorted,0.3506250381469726,0.0814646854996681,latest_eval
regime_apparent,0.4330230057239532,0.1061356961727142,latest_eval
ambiguous_mild_curvature,0.4575642645359039,0.4418262541294098,latest_eval
linear_mono,0.0321243219077587,0.1387918889522552,latest_eval
boundary_mrw,0.2935810685157776,0.3586601018905639,latest_eval
curved_mrw,0.967681884765625,0.9884315729141236,latest_eval
noisy_mono,0.200395718216896,0.2896032631397247,latest_eval
noisy_mrw,0.9447510242462158,0.9819732904434204,latest_eval
heavy_tail_distorted,0.3523345589637756,0.0728383511304855,latest_eval
regime_apparent,0.4532893896102905,0.1377932876348495,latest_eval
ambiguous_mild_curvature,0.4635892212390899,0.445876270532608,latest_eval
linear_mono,0.0200599730014801,0.1224834322929382,latest_eval
boundary_mrw,0.3413503468036651,0.4061199128627777,latest_eval
curved_mrw,0.8411847352981567,0.898524820804596,latest_eval
noisy_mono,0.1127720773220062,0.2109835892915725,latest_eval
noisy_mrw,0.175170361995697,0.2633292973041534,latest_eval
heavy_tail_distorted,0.3479223847389221,0.0849932953715324,latest_eval
regime_apparent,0.4419164359569549,0.1319967210292816,latest_eval
ambiguous_mild_curvature,0.4357021450996399,0.4229363799095154,latest_eval
linear_mono,0.0194270499050617,0.122584119439125,latest_eval
boundary_mrw,0.2272646129131317,0.3078086972236633,latest_eval
curved_mrw,0.8443155884742737,0.9045270085334778,latest_eval
noisy_mono,0.1381091475486755,0.243957906961441,latest_eval
noisy_mrw,0.2254757285118103,0.2901946306228637,latest_eval
heavy_tail_distorted,0.3564832806587219,0.035744871944189,latest_eval
regime_apparent,0.4589941203594208,0.1490810066461563,latest_eval
ambiguous_mild_curvature,0.4487056732177734,0.4371660053730011,latest_eval
linear_mono,0.041622694581747,0.1506547480821609,latest_eval
boundary_mrw,0.3522298336029053,0.4132867753505707,latest_eval
curved_mrw,0.9704979658126832,0.9914278388023376,latest_eval
noisy_mono,0.1265541613101959,0.2290714085102081,latest_eval
noisy_mrw,0.2108534276485443,0.28678759932518,latest_eval
heavy_tail_distorted,0.3325264751911163,0.0312448777258396,latest_eval
regime_apparent,0.4440499544143677,0.1346073746681213,latest_eval
ambiguous_mild_curvature,0.4513131082057953,0.4384036362171173,latest_eval
linear_mono,0.0250748340040445,0.1282218694686889,latest_eval
boundary_mrw,0.2685492634773254,0.3431451916694641,latest_eval
curved_mrw,0.9637899398803712,0.9869371056556702,latest_eval
noisy_mono,0.2822358310222626,0.3301617503166199,latest_eval
noisy_mrw,0.1837407499551773,0.2699195146560669,latest_eval
heavy_tail_distorted,0.3222593963146209,0.0328004173934459,latest_eval
regime_apparent,0.4378966689109802,0.1210751980543136,latest_eval
ambiguous_mild_curvature,0.426043838262558,0.4022108018398285,latest_eval
linear_mono,0.0248422436416149,0.1279187500476837,latest_eval
boundary_mrw,0.3627881705760956,0.4109307825565338,latest_eval
curved_mrw,0.8579241037368774,0.921320378780365,latest_eval
noisy_mono,0.1290086060762405,0.2379332035779953,latest_eval
noisy_mrw,0.901720941066742,0.9575029611587524,latest_eval
heavy_tail_distorted,0.3306933343410492,0.049601137638092,latest_eval
regime_apparent,0.4234023690223694,0.1030594184994697,latest_eval
ambiguous_mild_curvature,0.432488352060318,0.4205734729766845,latest_eval
linear_mono,0.0325527600944042,0.1380117088556289,latest_eval
boundary_mrw,0.3495374619960785,0.4093466699123382,latest_eval
curved_mrw,0.8805230855941772,0.9357263445854188,latest_eval
noisy_mono,0.1961489915847778,0.2772400081157684,latest_eval
noisy_mrw,0.1938243061304092,0.2840280830860138,latest_eval
heavy_tail_distorted,0.3274416625499725,0.0368844643235206,latest_eval
regime_apparent,0.4557636976242065,0.1461038887500763,latest_eval
ambiguous_mild_curvature,0.3756141662597656,0.3467959761619568,latest_eval
linear_mono,0.0189816541969776,0.1210457533597946,latest_eval
boundary_mrw,0.2021214514970779,0.3054021000862121,latest_eval
curved_mrw,0.9649069905281068,0.9872360825538636,latest_eval
noisy_mono,0.1294901818037033,0.2391131073236465,latest_eval
noisy_mrw,0.1582784801721573,0.2549479305744171,latest_eval
heavy_tail_distorted,0.3529703915119171,0.0656950399279594,latest_eval
regime_apparent,0.4384864568710327,0.1183037012815475,latest_eval
ambiguous_mild_curvature,0.3665079176425934,0.3783651888370514,latest_eval
linear_mono,0.0195584502071142,0.1219193860888481,latest_eval
boundary_mrw,0.3476677536964416,0.4183484315872192,latest_eval
curved_mrw,0.908097505569458,0.9527915120124816,latest_eval
noisy_mono,0.1762789934873581,0.2687077224254608,latest_eval
noisy_mrw,0.9044682383537292,0.9603623747825624,latest_eval
heavy_tail_distorted,0.3444626927375793,0.0344102717936039,latest_eval
regime_apparent,0.446384847164154,0.1343989372253418,latest_eval
ambiguous_mild_curvature,0.4442125856876373,0.4290163815021515,latest_eval
linear_mono,0.028717091307044,0.133011132478714,latest_eval
boundary_mrw,0.1710925847291946,0.2890780866146087,latest_eval
curved_mrw,0.8869501948356628,0.9353602528572084,latest_eval
noisy_mono,0.1389247477054596,0.2449585050344467,latest_eval
noisy_mrw,0.3410980999469757,0.3704505860805511,latest_eval
heavy_tail_distorted,0.3522768020629883,0.1001069918274879,latest_eval
regime_apparent,0.4321742653846741,0.1182868853211402,latest_eval
ambiguous_mild_curvature,0.4937820136547088,0.4703929722309112,latest_eval
linear_mono,0.0430986359715461,0.1524568051099777,latest_eval
boundary_mrw,0.2850978374481201,0.3537148535251617,latest_eval
curved_mrw,0.8973255753517151,0.9490334391593932,latest_eval
noisy_mono,0.2263502180576324,0.2998659908771515,latest_eval
noisy_mrw,0.945440709590912,0.9813124537467957,latest_eval
heavy_tail_distorted,0.3453547656536102,0.0662951692938804,latest_eval
regime_apparent,0.4240058362483978,0.1043563038110733,latest_eval
ambiguous_mild_curvature,0.4626052975654602,0.4432342946529388,latest_eval
linear_mono,0.0172003600746393,0.117483414709568,latest_eval
boundary_mrw,0.3437826037406921,0.4070578813552856,latest_eval
curved_mrw,0.934698760509491,0.969197154045105,latest_eval
noisy_mono,0.1395534425973892,0.2361705601215362,latest_eval
noisy_mrw,0.2200697064399719,0.2971766591072082,latest_eval
heavy_tail_distorted,0.3452940881252289,0.0542288497090339,latest_eval
regime_apparent,0.4264374375343323,0.1088654622435569,latest_eval
ambiguous_mild_curvature,0.4193192720413208,0.4089004695415497,latest_eval
linear_mono,0.0344899408519268,0.1405131369829177,latest_eval
boundary_mrw,0.2189593613147735,0.3100404441356659,latest_eval
curved_mrw,0.9462884068489076,0.9766740798950196,latest_eval
noisy_mono,0.1357331722974777,0.2381667643785476,latest_eval
noisy_mrw,0.810754120349884,0.8720806837081909,latest_eval
heavy_tail_distorted,0.3430774211883545,0.0765006393194198,latest_eval
regime_apparent,0.4450167119503021,0.1183465793728828,latest_eval
ambiguous_mild_curvature,0.449619859457016,0.4356298744678497,latest_eval
linear_mono,0.0199306458234787,0.1223517730832099,latest_eval
boundary_mrw,0.3910979330539703,0.4551777839660644,latest_eval
curved_mrw,0.7737757563591003,0.8358384966850281,latest_eval
noisy_mono,0.175775945186615,0.2667174935340881,latest_eval
noisy_mrw,0.8977844715118408,0.9428941011428832,latest_eval
heavy_tail_distorted,0.3433018624782562,0.0435157567262649,latest_eval
regime_apparent,0.4650560617446899,0.1551265120506286,latest_eval
ambiguous_mild_curvature,0.4481905102729797,0.433165431022644,latest_eval
linear_mono,0.0167251657694578,0.1174091026186943,latest_eval
boundary_mrw,0.2851764261722564,0.3536347448825836,latest_eval
curved_mrw,0.8816691637039185,0.93701434135437,latest_eval
noisy_mono,0.1360627114772796,0.2418783754110336,latest_eval
noisy_mrw,0.2282188683748245,0.3016061186790466,latest_eval
heavy_tail_distorted,0.34152552485466,0.0769085809588432,latest_eval
regime_apparent,0.4426964819431305,0.1137950420379638,latest_eval
ambiguous_mild_curvature,0.457886666059494,0.4390934407711029,latest_eval
linear_mono,0.0176886450499296,0.1184633001685142,latest_eval
boundary_mrw,0.1957964599132537,0.2876693606376648,latest_eval
curved_mrw,0.9038771390914916,0.9543704390525818,latest_eval
noisy_mono,0.3081052005290985,0.3471550345420837,latest_eval
noisy_mrw,0.1959244459867477,0.2837202250957489,latest_eval
heavy_tail_distorted,0.3544871509075165,0.0319850072264671,latest_eval
regime_apparent,0.4419078528881073,0.1150146499276161,latest_eval
ambiguous_mild_curvature,0.4712228775024414,0.4533437192440033,latest_eval
linear_mono,0.0208296347409486,0.1244476810097694,latest_eval
boundary_mrw,0.3213939070701599,0.3882539272308349,latest_eval
curved_mrw,0.962583065032959,0.9853353500366212,latest_eval
noisy_mono,0.135735273361206,0.2419485598802566,latest_eval
noisy_mrw,0.3510190546512604,0.3958092331886291,latest_eval
heavy_tail_distorted,0.3391663432121277,0.0494217760860919,latest_eval
regime_apparent,0.4395957887172699,0.1119862645864486,latest_eval
ambiguous_mild_curvature,0.3862112462520599,0.3873065710067749,latest_eval
linear_mono,0.0205377899110317,0.122931070625782,latest_eval
boundary_mrw,0.3735681176185608,0.4250498712062835,latest_eval
curved_mrw,0.9105334281921388,0.9530388712882996,latest_eval
noisy_mono,0.1367019563913345,0.2375772148370742,latest_eval
noisy_mrw,0.2411032021045684,0.3082450330257416,latest_eval
heavy_tail_distorted,0.3441798686981201,0.0716801509261131,latest_eval
regime_apparent,0.4224020838737488,0.1097202152013778,latest_eval
ambiguous_mild_curvature,0.4054730534553528,0.3894085586071014,latest_eval
linear_mono,0.0181073043495416,0.1193452700972557,latest_eval
boundary_mrw,0.223338320851326,0.3047814667224884,latest_eval
curved_mrw,0.8008210062980652,0.8664119839668274,latest_eval
noisy_mono,0.1638486981391906,0.2616628408432007,latest_eval
noisy_mrw,0.3304344415664673,0.3668951392173767,latest_eval
heavy_tail_distorted,0.3365895748138428,0.0747342258691787,latest_eval
regime_apparent,0.4622563123703003,0.1516808122396469,latest_eval
ambiguous_mild_curvature,0.4771446287631988,0.4589241147041321,latest_eval
linear_mono,0.0204071719199419,0.1237361207604408,latest_eval
boundary_mrw,0.2332892119884491,0.3128173053264618,latest_eval
curved_mrw,0.9298009872436525,0.9706032872200012,latest_eval
noisy_mono,0.1201579049229621,0.2198790907859802,latest_eval
noisy_mrw,0.243649885058403,0.3102375566959381,latest_eval
heavy_tail_distorted,0.3333123922348022,0.0634355172514915,latest_eval
regime_apparent,0.4248977303504944,0.1100672334432601,latest_eval
ambiguous_mild_curvature,0.422254353761673,0.4143579006195068,latest_eval
linear_mono,0.028460057452321,0.1326735317707061,latest_eval
boundary_mrw,0.3115978837013244,0.3744361400604248,latest_eval
curved_mrw,0.9690243005752563,0.9908317923545836,latest_eval
noisy_mono,0.1689842343330383,0.2621492445468902,latest_eval
noisy_mrw,0.2229216992855072,0.2958335876464844,latest_eval
heavy_tail_distorted,0.3192670047283172,0.0303513221442699,latest_eval
regime_apparent,0.4401547312736511,0.1205383911728859,latest_eval
ambiguous_mild_curvature,0.4823141396045685,0.4639319479465484,latest_eval
linear_mono,0.0194516684859991,0.1217770501971244,latest_eval
boundary_mrw,0.1778172254562378,0.2841982245445251,latest_eval
curved_mrw,0.9530450105667114,0.9810723662376404,latest_eval
noisy_mono,0.1547479927539825,0.2558093667030334,latest_eval
noisy_mrw,0.2298349291086197,0.2986587584018707,latest_eval
heavy_tail_distorted,0.3213504552841186,0.041627611964941,latest_eval
regime_apparent,0.436079204082489,0.120873786509037,latest_eval
ambiguous_mild_curvature,0.426606684923172,0.4163671135902405,latest_eval
linear_mono,0.0279983691871166,0.1320664435625076,latest_eval
boundary_mrw,0.255850076675415,0.3355863094329834,latest_eval
curved_mrw,0.9458314776420592,0.9761509895324708,latest_eval
noisy_mono,0.1206391528248786,0.2250932604074478,latest_eval
noisy_mrw,0.6461330652236938,0.6958976984024048,latest_eval
heavy_tail_distorted,0.3489295840263366,0.0782520547509193,latest_eval
regime_apparent,0.4451270997524261,0.1193010956048965,latest_eval
ambiguous_mild_curvature,0.4078609645366668,0.4003688395023346,latest_eval
linear_mono,0.0251942779868841,0.1283778995275497,latest_eval
boundary_mrw,0.2233747988939285,0.3179016411304474,latest_eval
curved_mrw,0.9435076117515564,0.9790046215057372,latest_eval
noisy_mono,0.2094897478818893,0.2903822362422943,latest_eval
noisy_mrw,0.9037584066390992,0.9593749046325684,latest_eval
heavy_tail_distorted,0.3510787487030029,0.0339842066168785,latest_eval
regime_apparent,0.4388737380504608,0.123322881758213,latest_eval
ambiguous_mild_curvature,0.4633091688156128,0.4471041858196258,latest_eval
linear_mono,0.0225814338773489,0.1250747740268707,latest_eval
boundary_mrw,0.3133438229560852,0.3771995306015014,latest_eval
curved_mrw,0.803602397441864,0.8720192313194275,latest_eval
noisy_mono,0.158154010772705,0.2594243586063385,latest_eval
noisy_mrw,0.7431028485298157,0.8079483509063721,latest_eval
heavy_tail_distorted,0.3441380560398102,0.0326789952814579,latest_eval
regime_apparent,0.4339910745620727,0.1246034428477287,latest_eval
ambiguous_mild_curvature,0.4271080493927002,0.4219398498535156,latest_eval
linear_mono,0.0194380581378936,0.1229484602808952,latest_eval
boundary_mrw,0.3585056364536285,0.4247649312019348,latest_eval
curved_mrw,0.940407931804657,0.9773283004760742,latest_eval
noisy_mono,0.2247302830219268,0.2977869510650635,latest_eval
noisy_mrw,0.3493305742740631,0.3860498964786529,latest_eval
heavy_tail_distorted,0.3527200222015381,0.0604045093059539,latest_eval
regime_apparent,0.4472448229789734,0.1186775937676429,latest_eval
ambiguous_mild_curvature,0.4075223803520202,0.4055050611495971,latest_eval
linear_mono,0.0387873724102973,0.1460259854793548,latest_eval
boundary_mrw,0.2931750416755676,0.3592129349708557,latest_eval
curved_mrw,0.923404574394226,0.9654831290245056,latest_eval
noisy_mono,0.1584450751543045,0.2562275230884552,latest_eval
noisy_mrw,0.645906925201416,0.7024771571159363,latest_eval
heavy_tail_distorted,0.3369297087192535,0.0556324161589145,latest_eval
regime_apparent,0.4416877627372741,0.1135564595460891,latest_eval
ambiguous_mild_curvature,0.4204069077968597,0.4104894995689392,latest_eval
linear_mono,0.0198073852807283,0.1232004761695861,latest_eval
boundary_mrw,0.1770756989717483,0.2928706407546997,latest_eval
curved_mrw,0.879684329032898,0.9379816055297852,latest_eval
noisy_mono,0.1306619793176651,0.230249747633934,latest_eval
noisy_mrw,0.3864863812923431,0.4160830676555633,latest_eval
heavy_tail_distorted,0.366879791021347,0.0484514459967613,latest_eval
regime_apparent,0.4348129034042358,0.1063214093446731,latest_eval
ambiguous_mild_curvature,0.4635224044322967,0.4469705820083618,latest_eval
linear_mono,0.0227336753159761,0.1252564638853073,latest_eval
boundary_mrw,0.3157205581665039,0.377616822719574,latest_eval
curved_mrw,0.941756546497345,0.9780329465866088,latest_eval
noisy_mono,0.1784913539886474,0.2742110192775726,latest_eval
noisy_mrw,0.7616646885871887,0.8195221424102783,latest_eval
heavy_tail_distorted,0.3371764719486236,0.0412382632493972,latest_eval
regime_apparent,0.4576919972896576,0.14726522564888,latest_eval
ambiguous_mild_curvature,0.4000241160392761,0.3991708159446716,latest_eval
linear_mono,0.0350394286215305,0.1412204802036285,latest_eval
boundary_mrw,0.1903027892112732,0.2893748879432678,latest_eval
curved_mrw,0.896513044834137,0.9439626336097716,latest_eval
noisy_mono,0.1783626973628997,0.2781617343425751,latest_eval
noisy_mrw,0.8403382897377014,0.8960129022598267,latest_eval
heavy_tail_distorted,0.3478730618953705,0.0429599210619926,latest_eval
regime_apparent,0.4378258287906647,0.1172046139836311,latest_eval
ambiguous_mild_curvature,0.443666398525238,0.4288816750049591,latest_eval
linear_mono,0.0263998433947563,0.1299609690904617,latest_eval
boundary_mrw,0.3005909025669098,0.3713446259498596,latest_eval
curved_mrw,0.8653923273086548,0.9208005666732788,latest_eval
noisy_mono,0.1393427848815918,0.2342831641435623,latest_eval
noisy_mrw,0.8403759002685547,0.8997135758399963,latest_eval
heavy_tail_distorted,0.3661743104457855,0.0425085686147213,latest_eval
regime_apparent,0.4435625970363617,0.1343436241149902,latest_eval
ambiguous_mild_curvature,0.4943036735057831,0.4759015440940857,latest_eval
linear_mono,0.0177554246038198,0.1186038553714752,latest_eval
boundary_mrw,0.2304447740316391,0.3103091418743133,latest_eval
curved_mrw,0.9601510167121888,0.98381769657135,latest_eval
noisy_mono,0.1470278650522232,0.2496518343687057,latest_eval
noisy_mrw,0.2362343519926071,0.3075129389762878,latest_eval
heavy_tail_distorted,0.3402904570102691,0.04251429438591,latest_eval
regime_apparent,0.4632305204868316,0.1536397784948349,latest_eval
ambiguous_mild_curvature,0.4926398396492004,0.4744431674480438,latest_eval
linear_mono,0.0188696421682834,0.1208483502268791,latest_eval
boundary_mrw,0.2631082236766815,0.3375426232814789,latest_eval
curved_mrw,0.7682297825813293,0.8285752534866333,latest_eval
noisy_mono,0.14746655523777,0.2522803544998169,latest_eval
noisy_mrw,0.8794398903846741,0.9387152194976808,latest_eval
heavy_tail_distorted,0.3419070243835449,0.0646867454051971,latest_eval
regime_apparent,0.4489999115467071,0.1368428468704223,latest_eval
ambiguous_mild_curvature,0.4642391204833984,0.4478424787521362,latest_eval
linear_mono,0.0170034486800432,0.117155872285366,latest_eval
boundary_mrw,0.2919226884841919,0.3613805472850799,latest_eval
curved_mrw,0.8236024379730225,0.88318932056427,latest_eval
noisy_mono,0.2046175301074981,0.2869049310684204,latest_eval
noisy_mrw,0.351524293422699,0.3822031021118164,latest_eval
heavy_tail_distorted,0.3571599721908569,0.0454935654997825,latest_eval
regime_apparent,0.4642846584320068,0.1535739153623581,latest_eval
ambiguous_mild_curvature,0.481614887714386,0.4606201648712158,latest_eval
linear_mono,0.0267487931996583,0.1304206252098083,latest_eval
boundary_mrw,0.212588757276535,0.3107908070087433,latest_eval
curved_mrw,0.9292213320732116,0.9657258987426758,latest_eval
noisy_mono,0.1762144714593887,0.270997405052185,latest_eval
noisy_mrw,0.3240466713905334,0.3594006896018982,latest_eval
heavy_tail_distorted,0.3202036321163177,0.0421977117657661,latest_eval
regime_apparent,0.4351294338703155,0.1209360212087631,latest_eval
ambiguous_mild_curvature,0.4045090675354004,0.3684585690498352,latest_eval
linear_mono,0.0169113539159297,0.1170422881841659,latest_eval
boundary_mrw,0.258846253156662,0.3379618525505066,latest_eval
curved_mrw,0.9548732042312622,0.9818024039268494,latest_eval
noisy_mono,0.1870482414960861,0.2777907848358154,latest_eval
noisy_mrw,0.2714736759662628,0.3233580887317657,latest_eval
heavy_tail_distorted,0.3449240028858185,0.0402742736041545,latest_eval
regime_apparent,0.4443709850311279,0.1204955354332923,latest_eval
ambiguous_mild_curvature,0.4288716316223144,0.4196189641952514,latest_eval
linear_mono,0.0410537868738174,0.1489201188087463,latest_eval
boundary_mrw,0.3754999041557312,0.4291859567165375,latest_eval
curved_mrw,0.8798264861106873,0.9342884421348572,latest_eval
noisy_mono,0.2122371345758438,0.28802290558815,latest_eval
noisy_mrw,0.3302497267723083,0.3678433299064636,latest_eval
heavy_tail_distorted,0.3502780199050903,0.0349794849753379,latest_eval
regime_apparent,0.4317963123321533,0.1163003966212272,latest_eval
ambiguous_mild_curvature,0.4474476873874664,0.421939492225647,latest_eval
linear_mono,0.0249803364276886,0.1280986219644546,latest_eval
boundary_mrw,0.3880866169929504,0.4372691512107849,latest_eval
curved_mrw,0.9444380402565002,0.9753849506378174,latest_eval
noisy_mono,0.1598133444786071,0.2605731189250946,latest_eval
noisy_mrw,0.3150460720062256,0.3504266142845154,latest_eval
heavy_tail_distorted,0.313523918390274,0.0356599017977714,latest_eval
regime_apparent,0.4352913796901703,0.1239735260605812,latest_eval
ambiguous_mild_curvature,0.4600270390510559,0.4490509629249573,latest_eval
linear_mono,0.0248103532940149,0.12787726521492,latest_eval
boundary_mrw,0.3478671610355377,0.4023994207382202,latest_eval
curved_mrw,0.7799357175827026,0.8433231711387634,latest_eval
noisy_mono,0.1261932104825973,0.2308328002691269,latest_eval
noisy_mrw,0.2073758691549301,0.2916355729103088,latest_eval
heavy_tail_distorted,0.3535622358322143,0.0396344847977161,latest_eval
regime_apparent,0.4496451020240783,0.1395817250013351,latest_eval
ambiguous_mild_curvature,0.4242500066757202,0.4129167199134826,latest_eval
linear_mono,0.0382393598556518,0.1453250348567962,latest_eval
boundary_mrw,0.3659916520118713,0.4161640405654907,latest_eval
curved_mrw,0.8247652053833008,0.885118305683136,latest_eval
noisy_mono,0.1521554738283157,0.254432201385498,latest_eval
noisy_mrw,0.1314651817083358,0.2374112457036972,latest_eval
heavy_tail_distorted,0.3539511561393738,0.0456370897591114,latest_eval
regime_apparent,0.4443704187870025,0.1173472180962562,latest_eval
ambiguous_mild_curvature,0.4378178715705871,0.4256983697414398,latest_eval
linear_mono,0.0186595413833856,0.1204583570361137,latest_eval
boundary_mrw,0.3355349898338318,0.3883654475212097,latest_eval
curved_mrw,0.802913248538971,0.8657042384147644,latest_eval
noisy_mono,0.1486787348985672,0.2461997866630554,latest_eval
noisy_mrw,0.2474091202020645,0.3097138702869415,latest_eval
heavy_tail_distorted,0.3426698446273803,0.0835770070552825,latest_eval
regime_apparent,0.4363830089569092,0.122884601354599,latest_eval
ambiguous_mild_curvature,0.4407901167869568,0.4266202449798584,latest_eval
linear_mono,0.0262833405286073,0.1298075765371322,latest_eval
boundary_mrw,0.2276442497968673,0.3202084004878998,latest_eval
curved_mrw,0.8993293642997742,0.945932924747467,latest_eval
noisy_mono,0.1292148828506469,0.2379333823919296,latest_eval
noisy_mrw,0.7748591303825378,0.8382145166397095,latest_eval
heavy_tail_distorted,0.3646146655082702,0.0508256331086158,latest_eval
regime_apparent,0.4293350875377655,0.1026077941060066,latest_eval
ambiguous_mild_curvature,0.4284088313579559,0.4202929139137268,latest_eval
linear_mono,0.0403529703617095,0.1480260044336319,latest_eval
boundary_mrw,0.3021188676357269,0.3693240582942962,latest_eval
curved_mrw,0.9460477232933044,0.9798121452331544,latest_eval
noisy_mono,0.1939717829227447,0.2789185643196106,latest_eval
noisy_mrw,0.1667145490646362,0.2735286056995392,latest_eval
heavy_tail_distorted,0.3434276878833771,0.0331771373748779,latest_eval
regime_apparent,0.4362756013870239,0.1071593165397644,latest_eval
ambiguous_mild_curvature,0.4647817611694336,0.4457860887050628,latest_eval
linear_mono,0.0259552244096994,0.1293758749961853,latest_eval
boundary_mrw,0.159186452627182,0.2814839482307434,latest_eval
curved_mrw,0.8487248420715332,0.906265377998352,latest_eval
noisy_mono,0.3218522369861603,0.356476217508316,latest_eval
noisy_mrw,0.9310259222984314,0.9654117226600648,latest_eval
heavy_tail_distorted,0.3568682670593261,0.0741527304053306,latest_eval
regime_apparent,0.4472543597221374,0.1277167201042175,latest_eval
ambiguous_mild_curvature,0.4450217187404632,0.4306600689888,latest_eval
linear_mono,0.0214871540665626,0.1246905401349067,latest_eval
boundary_mrw,0.2953071296215057,0.3655663132667541,latest_eval
curved_mrw,0.8172007203102112,0.8774356842041016,latest_eval
noisy_mono,0.205993190407753,0.286647766828537,latest_eval
noisy_mrw,0.9189749360084534,0.9689562320709229,latest_eval
heavy_tail_distorted,0.3266220986843109,0.0260317735373973,latest_eval
regime_apparent,0.4426288306713104,0.1135193035006523,latest_eval
ambiguous_mild_curvature,0.4248012006282806,0.4150025248527527,latest_eval
linear_mono,0.023430535569787,0.1261117309331894,latest_eval
boundary_mrw,0.3242237865924835,0.3852601647377014,latest_eval
curved_mrw,0.8702889084815979,0.9302574992179872,latest_eval
noisy_mono,0.170542374253273,0.2670270800590515,latest_eval
noisy_mrw,0.1305967420339584,0.2308458089828491,latest_eval
heavy_tail_distorted,0.3145716786384582,0.0356535091996192,latest_eval
regime_apparent,0.4458432197570801,0.1199176758527755,latest_eval
ambiguous_mild_curvature,0.4799375832080841,0.4606128633022308,latest_eval
linear_mono,0.025290472432971,0.1302855312824249,latest_eval
boundary_mrw,0.1754199266433715,0.2873540818691253,latest_eval
curved_mrw,0.928232491016388,0.9691013097763062,latest_eval
noisy_mono,0.1684373021125793,0.2624777555465698,latest_eval
noisy_mrw,0.8711508512496948,0.9294226169586182,latest_eval
heavy_tail_distorted,0.3407597243785858,0.0555235370993614,latest_eval
regime_apparent,0.4418221116065979,0.1310951858758926,latest_eval
ambiguous_mild_curvature,0.4019174873828888,0.3990932106971741,latest_eval
linear_mono,0.0392010696232318,0.1465548276901245,latest_eval
boundary_mrw,0.2498720288276672,0.3310931324958801,latest_eval
curved_mrw,0.8859887719154358,0.9362766146659852,latest_eval
noisy_mono,0.1705401986837387,0.2643972635269165,latest_eval
noisy_mrw,0.2813082337379455,0.3277756571769714,latest_eval
heavy_tail_distorted,0.3456405103206634,0.0850529074668884,latest_eval
regime_apparent,0.4359667897224426,0.1162759438157081,latest_eval
ambiguous_mild_curvature,0.4613080322742462,0.4420130252838135,latest_eval
linear_mono,0.0181152261793613,0.1200101301074028,latest_eval
boundary_mrw,0.2631840407848358,0.3403164148330688,latest_eval
curved_mrw,0.7742227911949158,0.8369172811508179,latest_eval
noisy_mono,0.2379452139139175,0.3016912043094635,latest_eval
noisy_mrw,0.8754515051841736,0.9369300007820128,latest_eval
heavy_tail_distorted,0.3492122590541839,0.0650824159383773,latest_eval
regime_apparent,0.4317476749420166,0.1145742535591125,latest_eval
ambiguous_mild_curvature,0.4599552750587463,0.4470437169075012,latest_eval
linear_mono,0.0194458421319723,0.1217690110206604,latest_eval
boundary_mrw,0.384609043598175,0.428934782743454,latest_eval
curved_mrw,0.967041790485382,0.9879221320152284,latest_eval
noisy_mono,0.1360273957252502,0.2351801842451095,latest_eval
noisy_mrw,0.4239622056484222,0.4641672074794769,latest_eval
heavy_tail_distorted,0.3341466188430786,0.0428406484425067,latest_eval
regime_apparent,0.4486415386199951,0.1222451478242874,latest_eval
ambiguous_mild_curvature,0.5237712860107422,0.513288676738739,latest_eval
linear_mono,0.0225157830864191,0.125864177942276,latest_eval
boundary_mrw,0.2556478381156921,0.3347963988780975,latest_eval
curved_mrw,0.8514490723609924,0.9129699468612672,latest_eval
noisy_mono,0.1475820839405059,0.2498789131641388,latest_eval
noisy_mrw,0.2318055778741836,0.2994663119316101,latest_eval
heavy_tail_distorted,0.3431839942932129,0.0649081170558929,latest_eval
regime_apparent,0.4259036183357239,0.1050232201814651,latest_eval
ambiguous_mild_curvature,0.4503384828567505,0.4353061020374298,latest_eval
linear_mono,0.0170707572251558,0.1172587424516677,latest_eval
boundary_mrw,0.3472527265548706,0.4164372980594635,latest_eval
curved_mrw,0.891292154788971,0.939714014530182,latest_eval
noisy_mono,0.2657398283481598,0.3210829198360443,latest_eval
noisy_mrw,0.2390836626291275,0.3048102855682373,latest_eval
heavy_tail_distorted,0.341726005077362,0.0751639381051063,latest_eval
regime_apparent,0.4479465782642364,0.1196180880069732,latest_eval
ambiguous_mild_curvature,0.4751318097114563,0.4550450444221496,latest_eval
linear_mono,0.0282938256859779,0.1324550062417984,latest_eval
boundary_mrw,0.3399664461612701,0.3924613296985626,latest_eval
curved_mrw,0.9523689150810242,0.982094705104828,latest_eval
noisy_mono,0.1411648392677307,0.2365566194057464,latest_eval
noisy_mrw,0.2208926379680633,0.2939957082271576,latest_eval
heavy_tail_distorted,0.3320906460285187,0.0359004475176334,latest_eval
regime_apparent,0.4348955452442169,0.1283435672521591,latest_eval
ambiguous_mild_curvature,0.4240676164627075,0.4131074249744415,latest_eval
linear_mono,0.0199921112507581,0.1224152520298957,latest_eval
boundary_mrw,0.3525708615779876,0.4057189524173736,latest_eval
curved_mrw,0.7907693982124329,0.8524672985076904,latest_eval
noisy_mono,0.1687079817056656,0.2636250555515289,latest_eval
noisy_mrw,0.6804216504096985,0.7210323214530945,latest_eval
heavy_tail_distorted,0.3379977941513061,0.0486522875726223,latest_eval
regime_apparent,0.4417068362236023,0.1307955533266067,latest_eval
ambiguous_mild_curvature,0.4095759093761444,0.3988725841045379,latest_eval
linear_mono,0.0283157732337713,0.1324838995933532,latest_eval
boundary_mrw,0.1909621655941009,0.3007895350456238,latest_eval
curved_mrw,0.9214455485343932,0.9610512852668762,latest_eval
noisy_mono,0.1559589803218841,0.2575567960739136,latest_eval
noisy_mrw,0.8554250597953796,0.9186631441116332,latest_eval
heavy_tail_distorted,0.3387974202632904,0.0484067052602767,latest_eval
regime_apparent,0.4446249306201935,0.1166488379240036,latest_eval
ambiguous_mild_curvature,0.4628117978572845,0.4480679929256439,latest_eval
linear_mono,0.0300160367041826,0.1363145560026168,latest_eval
boundary_mrw,0.3678705394268036,0.4356909394264221,latest_eval
curved_mrw,0.9451627731323242,0.9749752283096312,latest_eval
noisy_mono,0.1868403702974319,0.2708264887332916,latest_eval
noisy_mrw,0.9401707649230956,0.977763533592224,latest_eval
heavy_tail_distorted,0.3577708899974823,0.0704801753163337,latest_eval
regime_apparent,0.440418541431427,0.1154457554221153,latest_eval
ambiguous_mild_curvature,0.4203072488307953,0.4019550085067749,latest_eval
linear_mono,0.0280354637652635,0.1339080035686493,latest_eval
boundary_mrw,0.2126301527023315,0.2965291440486908,latest_eval
curved_mrw,0.9523880481719972,0.9791649580001832,latest_eval
noisy_mono,0.1224572286009788,0.2207883149385452,latest_eval
noisy_mrw,0.9118444919586182,0.9537369012832642,latest_eval
heavy_tail_distorted,0.3346723616123199,0.0446737445890903,latest_eval
regime_apparent,0.4373398125171661,0.1097826957702636,latest_eval
ambiguous_mild_curvature,0.4727286696434021,0.4554584324359894,latest_eval
linear_mono,0.0292182844132184,0.1336685568094253,latest_eval
boundary_mrw,0.329259842634201,0.3843502104282379,latest_eval
curved_mrw,0.907608687877655,0.956987738609314,latest_eval
noisy_mono,0.1182576566934585,0.2208353132009506,latest_eval
noisy_mrw,0.1590372174978256,0.2609997093677521,latest_eval
heavy_tail_distorted,0.3482329249382019,0.0711542442440986,latest_eval
regime_apparent,0.4454763233661651,0.1359320282936096,latest_eval
ambiguous_mild_curvature,0.4226913750171661,0.4144420623779297,latest_eval
linear_mono,0.0179276335984468,0.1196245551109314,latest_eval
boundary_mrw,0.1744333505630493,0.2754941284656524,latest_eval
curved_mrw,0.972661018371582,0.9908615350723268,latest_eval
noisy_mono,0.1444132775068283,0.2454607933759689,latest_eval
noisy_mrw,0.9582432508468628,0.9830797910690308,latest_eval
heavy_tail_distorted,0.3336684107780456,0.0522019006311893,latest_eval
regime_apparent,0.4351875782012939,0.1102157160639762,latest_eval
ambiguous_mild_curvature,0.4078204929828644,0.4024002254009247,latest_eval
